Area,Sector,Residential No of Rooms,Looking For,Land Unit Value,Sales Cost (Local),Sales Limit Lower (Local),Sales Limit Upper (Local)
abijo,land,2,Buy a property,1,32500000,30000000,34999998
abijo,land,2,Buy a property,2,65000000,60000000,69999996
abijo,land,2,Buy a property,3,97500000,90000000,104999994
abijo,land,2,Buy a property,4,130000000,120000000,139999992
abijo,land,2,Buy a property,5,162500000,150000000,174999990
abijo,land,2,Buy a property,6,195000000,180000000,209999988
abijo,land,2,Buy a property,7,227500000,210000000,244999986
abijo,land,2,Buy a property,8,260000000,240000000,279999984
abijo,land,2,Buy a property,9,292500000,270000000,314999982
ajah,land,2,Buy a property,1,49467057,14934114,84000000
ajah,land,2,Buy a property,2,98934114,29868228,168000000
ajah,land,2,Buy a property,3,148401171,44802342,252000000
ajah,land,2,Buy a property,4,197868228,59736456,336000000
ajah,land,2,Buy a property,5,247335285,74670570,420000000
ajah,land,2,Buy a property,6,296802342,89604684,504000000
ajah,land,2,Buy a property,7,346269399,104538798,588000000
ajah,land,2,Buy a property,8,395736456,119472912,672000000
ajah,land,2,Buy a property,9,445203513,134407026,756000000
alaba,land,2,Buy a property,1,25000000,25000002,25000002
alaba,land,2,Buy a property,2,50000000,50000004,50000004
alaba,land,2,Buy a property,3,75000000,75000006,75000006
alaba,land,2,Buy a property,4,100000000,100000008,100000008
alaba,land,2,Buy a property,5,125000000,125000010,125000010
alaba,land,2,Buy a property,6,150000000,150000012,150000012
alaba,land,2,Buy a property,7,175000000,175000014,175000014
alaba,land,2,Buy a property,8,200000000,200000016,200000016
alaba,land,2,Buy a property,9,225000000,225000018,225000018
alagomeji,land,2,Buy a property,1,155000000,120000000,190000002
alagomeji,land,2,Buy a property,2,310000000,240000000,380000004
alagomeji,land,2,Buy a property,3,465000000,360000000,570000006
alagomeji,land,2,Buy a property,4,620000000,480000000,760000008
alagomeji,land,2,Buy a property,5,775000000,600000000,950000010
alagomeji,land,2,Buy a property,6,930000000,720000000,1140000012
alagomeji,land,2,Buy a property,7,1085000000,840000000,1330000014
alagomeji,land,2,Buy a property,8,1240000000,960000000,1520000016
alagomeji,land,2,Buy a property,9,1395000000,1080000000,1710000018
amuwo-odofin,land,2,Buy a property,1,13888889,13888890,13888890
amuwo-odofin,land,2,Buy a property,2,27777778,27777780,27777780
amuwo-odofin,land,2,Buy a property,3,41666667,41666670,41666670
amuwo-odofin,land,2,Buy a property,4,55555556,55555560,55555560
amuwo-odofin,land,2,Buy a property,5,69444445,69444450,69444450
amuwo-odofin,land,2,Buy a property,6,83333334,83333340,83333340
amuwo-odofin,land,2,Buy a property,7,97222223,97222230,97222230
amuwo-odofin,land,2,Buy a property,8,111111112,111111120,111111120
amuwo-odofin,land,2,Buy a property,9,125000001,125000010,125000010
apapa,land,2,Buy a property,1,61743314,51903114,71583516
apapa,land,2,Buy a property,2,123486628,103806228,143167032
apapa,land,2,Buy a property,3,185229942,155709342,214750548
apapa,land,2,Buy a property,4,246973256,207612456,286334064
apapa,land,2,Buy a property,5,308716570,259515570,357917580
apapa,land,2,Buy a property,6,370459884,311418684,429501096
apapa,land,2,Buy a property,7,432203198,363321798,501084612
apapa,land,2,Buy a property,8,493946512,415224912,572668128
apapa,land,2,Buy a property,9,555689826,467128026,644251644
asokoro,land,2,Buy a property,1,184736842,69473682,300000000
asokoro,land,2,Buy a property,2,369473684,138947364,600000000
asokoro,land,2,Buy a property,3,554210526,208421046,900000000
asokoro,land,2,Buy a property,4,738947368,277894728,1200000000
asokoro,land,2,Buy a property,5,923684210,347368410,1500000000
asokoro,land,2,Buy a property,6,1108421052,416842092,1800000000
asokoro,land,2,Buy a property,7,1293157894,486315774,2100000000
asokoro,land,2,Buy a property,8,1477894736,555789456,2400000000
asokoro,land,2,Buy a property,9,1662631578,625263138,2700000000
banana-island,land,2,Buy a property,1,820000000,799999998,840000000
banana-island,land,2,Buy a property,2,1640000000,1599999996,1680000000
banana-island,land,2,Buy a property,3,2460000000,2399999994,2520000000
banana-island,land,2,Buy a property,4,3280000000,3199999992,3360000000
banana-island,land,2,Buy a property,5,4100000000,3999999990,4200000000
banana-island,land,2,Buy a property,6,4920000000,4799999988,5040000000
banana-island,land,2,Buy a property,7,5740000000,5599999986,5880000000
banana-island,land,2,Buy a property,8,6560000000,6399999984,6720000000
banana-island,land,2,Buy a property,9,7380000000,7199999982,7560000000
bogije,land,2,Buy a property,1,36000000,36000000,36000000
bogije,land,2,Buy a property,2,72000000,72000000,72000000
bogije,land,2,Buy a property,3,108000000,108000000,108000000
bogije,land,2,Buy a property,4,144000000,144000000,144000000
bogije,land,2,Buy a property,5,180000000,180000000,180000000
bogije,land,2,Buy a property,6,216000000,216000000,216000000
bogije,land,2,Buy a property,7,252000000,252000000,252000000
bogije,land,2,Buy a property,8,288000000,288000000,288000000
bogije,land,2,Buy a property,9,324000000,324000000,324000000
challenge,land,2,Buy a property,1,19073705,13147410,25000002
challenge,land,2,Buy a property,2,38147410,26294820,50000004
challenge,land,2,Buy a property,3,57221115,39442230,75000006
challenge,land,2,Buy a property,4,76294820,52589640,100000008
challenge,land,2,Buy a property,5,95368525,65737050,125000010
challenge,land,2,Buy a property,6,114442230,78884460,150000012
challenge,land,2,Buy a property,7,133515935,92031870,175000014
challenge,land,2,Buy a property,8,152589640,105179280,200000016
challenge,land,2,Buy a property,9,171663345,118326690,225000018
chevron,land,2,Buy a property,1,79538288,76576578,82500000
chevron,land,2,Buy a property,2,159076576,153153156,165000000
chevron,land,2,Buy a property,3,238614864,229729734,247500000
chevron,land,2,Buy a property,4,318153152,306306312,330000000
chevron,land,2,Buy a property,5,397691440,382882890,412500000
chevron,land,2,Buy a property,6,477229728,459459468,495000000
chevron,land,2,Buy a property,7,556768016,536036046,577500000
chevron,land,2,Buy a property,8,636306304,612612624,660000000
chevron,land,2,Buy a property,9,715844592,689189202,742500000
ebute-metta,land,2,Buy a property,1,61085973,61085970,61085970
ebute-metta,land,2,Buy a property,2,122171946,122171940,122171940
ebute-metta,land,2,Buy a property,3,183257919,183257910,183257910
ebute-metta,land,2,Buy a property,4,244343892,244343880,244343880
ebute-metta,land,2,Buy a property,5,305429865,305429850,305429850
ebute-metta,land,2,Buy a property,6,366515838,366515820,366515820
ebute-metta,land,2,Buy a property,7,427601811,427601790,427601790
ebute-metta,land,2,Buy a property,8,488687784,488687760,488687760
ebute-metta,land,2,Buy a property,9,549773757,549773730,549773730
egbeda,land,2,Buy a property,1,31627907,31627908,31627908
egbeda,land,2,Buy a property,2,63255814,63255816,63255816
egbeda,land,2,Buy a property,3,94883721,94883724,94883724
egbeda,land,2,Buy a property,4,126511628,126511632,126511632
egbeda,land,2,Buy a property,5,158139535,158139540,158139540
egbeda,land,2,Buy a property,6,189767442,189767448,189767448
egbeda,land,2,Buy a property,7,221395349,221395356,221395356
egbeda,land,2,Buy a property,8,253023256,253023264,253023264
egbeda,land,2,Buy a property,9,284651163,284651172,284651172
epe,land,2,Buy a property,1,5300000,1000002,9600000
epe,land,2,Buy a property,2,10600000,2000004,19200000
epe,land,2,Buy a property,3,15900000,3000006,28800000
epe,land,2,Buy a property,4,21200000,4000008,38400000
epe,land,2,Buy a property,5,26500000,5000010,48000000
epe,land,2,Buy a property,6,31800000,6000012,57600000
epe,land,2,Buy a property,7,37100000,7000014,67200000
epe,land,2,Buy a property,8,42400000,8000016,76800000
epe,land,2,Buy a property,9,47700000,9000018,86400000
ibeju-lekki,land,2,Buy a property,1,17850000,3300000,32400000
ibeju-lekki,land,2,Buy a property,2,35700000,6600000,64800000
ibeju-lekki,land,2,Buy a property,3,53550000,9900000,97200000
ibeju-lekki,land,2,Buy a property,4,71400000,13200000,129600000
ibeju-lekki,land,2,Buy a property,5,89250000,16500000,162000000
ibeju-lekki,land,2,Buy a property,6,107100000,19800000,194400000
ibeju-lekki,land,2,Buy a property,7,124950000,23100000,226800000
ibeju-lekki,land,2,Buy a property,8,142800000,26400000,259200000
ibeju-lekki,land,2,Buy a property,9,160650000,29700000,291600000
idimu,land,2,Buy a property,1,40000000,40000002,40000002
idimu,land,2,Buy a property,2,80000000,80000004,80000004
idimu,land,2,Buy a property,3,120000000,120000006,120000006
idimu,land,2,Buy a property,4,160000000,160000008,160000008
idimu,land,2,Buy a property,5,200000000,200000010,200000010
idimu,land,2,Buy a property,6,240000000,240000012,240000012
idimu,land,2,Buy a property,7,280000000,280000014,280000014
idimu,land,2,Buy a property,8,320000000,320000016,320000016
idimu,land,2,Buy a property,9,360000000,360000018,360000018
igando,land,2,Buy a property,1,11111111,11111112,11111112
igando,land,2,Buy a property,2,22222222,22222224,22222224
igando,land,2,Buy a property,3,33333333,33333336,33333336
igando,land,2,Buy a property,4,44444444,44444448,44444448
igando,land,2,Buy a property,5,55555555,55555560,55555560
igando,land,2,Buy a property,6,66666666,66666672,66666672
igando,land,2,Buy a property,7,77777777,77777784,77777784
igando,land,2,Buy a property,8,88888888,88888896,88888896
igando,land,2,Buy a property,9,99999999,100000008,100000008
ijaiye,land,2,Buy a property,1,16800000,16800000,16800000
ijaiye,land,2,Buy a property,2,33600000,33600000,33600000
ijaiye,land,2,Buy a property,3,50400000,50400000,50400000
ijaiye,land,2,Buy a property,4,67200000,67200000,67200000
ijaiye,land,2,Buy a property,5,84000000,84000000,84000000
ijaiye,land,2,Buy a property,6,100800000,100800000,100800000
ijaiye,land,2,Buy a property,7,117600000,117600000,117600000
ijaiye,land,2,Buy a property,8,134400000,134400000,134400000
ijaiye,land,2,Buy a property,9,151200000,151200000,151200000
ikate-elegushi,land,2,Buy a property,1,141891892,141891894,141891894
ikate-elegushi,land,2,Buy a property,2,283783784,283783788,283783788
ikate-elegushi,land,2,Buy a property,3,425675676,425675682,425675682
ikate-elegushi,land,2,Buy a property,4,567567568,567567576,567567576
ikate-elegushi,land,2,Buy a property,5,709459460,709459470,709459470
ikate-elegushi,land,2,Buy a property,6,851351352,851351364,851351364
ikate-elegushi,land,2,Buy a property,7,993243244,993243258,993243258
ikate-elegushi,land,2,Buy a property,8,1135135136,1135135152,1135135152
ikate-elegushi,land,2,Buy a property,9,1277027028,1277027046,1277027046
ikeja-3,land,2,Buy a property,1,96750000,52500000,141000000
ikeja-3,land,2,Buy a property,2,193500000,105000000,282000000
ikeja-3,land,2,Buy a property,3,290250000,157500000,423000000
ikeja-3,land,2,Buy a property,4,387000000,210000000,564000000
ikeja-3,land,2,Buy a property,5,483750000,262500000,705000000
ikeja-3,land,2,Buy a property,6,580500000,315000000,846000000
ikeja-3,land,2,Buy a property,7,677250000,367500000,987000000
ikeja-3,land,2,Buy a property,8,774000000,420000000,1128000000
ikeja-3,land,2,Buy a property,9,870750000,472500000,1269000000
ikeja-gra,land,2,Buy a property,1,365769231,270000000,461538462
ikeja-gra,land,2,Buy a property,2,731538462,540000000,923076924
ikeja-gra,land,2,Buy a property,3,1097307693,810000000,1384615386
ikeja-gra,land,2,Buy a property,4,1463076924,1080000000,1846153848
ikeja-gra,land,2,Buy a property,5,1828846155,1350000000,2307692310
ikeja-gra,land,2,Buy a property,6,2194615386,1620000000,2769230772
ikeja-gra,land,2,Buy a property,7,2560384617,1890000000,3230769234
ikeja-gra,land,2,Buy a property,8,2926153848,2160000000,3692307696
ikeja-gra,land,2,Buy a property,9,3291923079,2430000000,4153846158
ikorodu,land,2,Buy a property,1,59815117,59815116,59815116
ikorodu,land,2,Buy a property,2,119630234,119630232,119630232
ikorodu,land,2,Buy a property,3,179445351,179445348,179445348
ikorodu,land,2,Buy a property,4,239260468,239260464,239260464
ikorodu,land,2,Buy a property,5,299075585,299075580,299075580
ikorodu,land,2,Buy a property,6,358890702,358890696,358890696
ikorodu,land,2,Buy a property,7,418705819,418705812,418705812
ikorodu,land,2,Buy a property,8,478520936,478520928,478520928
ikorodu,land,2,Buy a property,9,538336053,538336044,538336044
ikota,land,2,Buy a property,1,46387500,30375000,62400000
ikota,land,2,Buy a property,2,92775000,60750000,124800000
ikota,land,2,Buy a property,3,139162500,91125000,187200000
ikota,land,2,Buy a property,4,185550000,121500000,249600000
ikota,land,2,Buy a property,5,231937500,151875000,312000000
ikota,land,2,Buy a property,6,278325000,182250000,374400000
ikota,land,2,Buy a property,7,324712500,212625000,436800000
ikota,land,2,Buy a property,8,371100000,243000000,499200000
ikota,land,2,Buy a property,9,417487500,273375000,561600000
ikotun,land,2,Buy a property,1,7000000,7000002,7000002
ikotun,land,2,Buy a property,2,14000000,14000004,14000004
ikotun,land,2,Buy a property,3,21000000,21000006,21000006
ikotun,land,2,Buy a property,4,28000000,28000008,28000008
ikotun,land,2,Buy a property,5,35000000,35000010,35000010
ikotun,land,2,Buy a property,6,42000000,42000012,42000012
ikotun,land,2,Buy a property,7,49000000,49000014,49000014
ikotun,land,2,Buy a property,8,56000000,56000016,56000016
ikotun,land,2,Buy a property,9,63000000,63000018,63000018
ikoyi,land,2,Buy a property,1,510000000,420000000,600000000
ikoyi,land,2,Buy a property,2,1020000000,840000000,1200000000
ikoyi,land,2,Buy a property,3,1530000000,1260000000,1800000000
ikoyi,land,2,Buy a property,4,2040000000,1680000000,2400000000
ikoyi,land,2,Buy a property,5,2550000000,2100000000,3000000000
ikoyi,land,2,Buy a property,6,3060000000,2520000000,3600000000
ikoyi,land,2,Buy a property,7,3570000000,2940000000,4200000000
ikoyi,land,2,Buy a property,8,4080000000,3360000000,4800000000
ikoyi,land,2,Buy a property,9,4590000000,3780000000,5400000000
ilasan,land,2,Buy a property,1,158995816,158995818,158995818
ilasan,land,2,Buy a property,2,317991632,317991636,317991636
ilasan,land,2,Buy a property,3,476987448,476987454,476987454
ilasan,land,2,Buy a property,4,635983264,635983272,635983272
ilasan,land,2,Buy a property,5,794979080,794979090,794979090
ilasan,land,2,Buy a property,6,953974896,953974908,953974908
ilasan,land,2,Buy a property,7,1112970712,1112970726,1112970726
ilasan,land,2,Buy a property,8,1271966528,1271966544,1271966544
ilasan,land,2,Buy a property,9,1430962344,1430962362,1430962362
isheri,land,2,Buy a property,1,45000000,45000000,45000000
isheri,land,2,Buy a property,2,90000000,90000000,90000000
isheri,land,2,Buy a property,3,135000000,135000000,135000000
isheri,land,2,Buy a property,4,180000000,180000000,180000000
isheri,land,2,Buy a property,5,225000000,225000000,225000000
isheri,land,2,Buy a property,6,270000000,270000000,270000000
isheri,land,2,Buy a property,7,315000000,315000000,315000000
isheri,land,2,Buy a property,8,360000000,360000000,360000000
isheri,land,2,Buy a property,9,405000000,405000000,405000000
isolo,land,2,Buy a property,1,50925926,50925924,50925924
isolo,land,2,Buy a property,2,101851852,101851848,101851848
isolo,land,2,Buy a property,3,152777778,152777772,152777772
isolo,land,2,Buy a property,4,203703704,203703696,203703696
isolo,land,2,Buy a property,5,254629630,254629620,254629620
isolo,land,2,Buy a property,6,305555556,305555544,305555544
isolo,land,2,Buy a property,7,356481482,356481468,356481468
isolo,land,2,Buy a property,8,407407408,407407392,407407392
isolo,land,2,Buy a property,9,458333334,458333316,458333316
jabi,land,2,Buy a property,1,71063781,46127562,96000000
jabi,land,2,Buy a property,2,142127562,92255124,192000000
jabi,land,2,Buy a property,3,213191343,138382686,288000000
jabi,land,2,Buy a property,4,284255124,184510248,384000000
jabi,land,2,Buy a property,5,355318905,230637810,480000000
jabi,land,2,Buy a property,6,426382686,276765372,576000000
jabi,land,2,Buy a property,7,497446467,322892934,672000000
jabi,land,2,Buy a property,8,568510248,369020496,768000000
jabi,land,2,Buy a property,9,639574029,415148058,864000000
lagos-island,land,2,Buy a property,1,177500000,139000002,216000000
lagos-island,land,2,Buy a property,2,355000000,278000004,432000000
lagos-island,land,2,Buy a property,3,532500000,417000006,648000000
lagos-island,land,2,Buy a property,4,710000000,556000008,864000000
lagos-island,land,2,Buy a property,5,887500000,695000010,1080000000
lagos-island,land,2,Buy a property,6,1065000000,834000012,1296000000
lagos-island,land,2,Buy a property,7,1242500000,973000014,1512000000
lagos-island,land,2,Buy a property,8,1420000000,1112000016,1728000000
lagos-island,land,2,Buy a property,9,1597500000,1251000018,1944000000
lakowe,land,2,Buy a property,1,9600000,9600000,9600000
lakowe,land,2,Buy a property,2,19200000,19200000,19200000
lakowe,land,2,Buy a property,3,28800000,28800000,28800000
lakowe,land,2,Buy a property,4,38400000,38400000,38400000
lakowe,land,2,Buy a property,5,48000000,48000000,48000000
lakowe,land,2,Buy a property,6,57600000,57600000,57600000
lakowe,land,2,Buy a property,7,67200000,67200000,67200000
lakowe,land,2,Buy a property,8,76800000,76800000,76800000
lakowe,land,2,Buy a property,9,86400000,86400000,86400000
lekki-phase-1,land,2,Buy a property,1,273458574,263583816,283333332
lekki-phase-1,land,2,Buy a property,2,546917148,527167632,566666664
lekki-phase-1,land,2,Buy a property,3,820375722,790751448,849999996
lekki-phase-1,land,2,Buy a property,4,1093834296,1054335264,1133333328
lekki-phase-1,land,2,Buy a property,5,1367292870,1317919080,1416666660
lekki-phase-1,land,2,Buy a property,6,1640751444,1581502896,1699999992
lekki-phase-1,land,2,Buy a property,7,1914210018,1845086712,1983333324
lekki-phase-1,land,2,Buy a property,8,2187668592,2108670528,2266666656
lekki-phase-1,land,2,Buy a property,9,2461127166,2372254344,2549999988
mabushi,land,2,Buy a property,1,65710227,63920454,67500000
mabushi,land,2,Buy a property,2,131420454,127840908,135000000
mabushi,land,2,Buy a property,3,197130681,191761362,202500000
mabushi,land,2,Buy a property,4,262840908,255681816,270000000
mabushi,land,2,Buy a property,5,328551135,319602270,337500000
mabushi,land,2,Buy a property,6,394261362,383522724,405000000
mabushi,land,2,Buy a property,7,459971589,447443178,472500000
mabushi,land,2,Buy a property,8,525681816,511363632,540000000
mabushi,land,2,Buy a property,9,591392043,575284086,607500000
maitama,land,2,Buy a property,1,387425555,324851112,450000000
maitama,land,2,Buy a property,2,774851110,649702224,900000000
maitama,land,2,Buy a property,3,1162276665,974553336,1350000000
maitama,land,2,Buy a property,4,1549702220,1299404448,1800000000
maitama,land,2,Buy a property,5,1937127775,1624255560,2250000000
maitama,land,2,Buy a property,6,2324553330,1949106672,2700000000
maitama,land,2,Buy a property,7,2711978885,2273957784,3150000000
maitama,land,2,Buy a property,8,3099404440,2598808896,3600000000
maitama,land,2,Buy a property,9,3486829995,2923660008,4050000000
maryland,land,2,Buy a property,1,256250000,112500000,400000002
maryland,land,2,Buy a property,2,512500000,225000000,800000004
maryland,land,2,Buy a property,3,768750000,337500000,1200000006
maryland,land,2,Buy a property,4,1025000000,450000000,1600000008
maryland,land,2,Buy a property,5,1281250000,562500000,2000000010
maryland,land,2,Buy a property,6,1537500000,675000000,2400000012
maryland,land,2,Buy a property,7,1793750000,787500000,2800000014
maryland,land,2,Buy a property,8,2050000000,900000000,3200000016
maryland,land,2,Buy a property,9,2306250000,1012500000,3600000018
obalende,land,2,Buy a property,1,216000000,216000000,216000000
obalende,land,2,Buy a property,2,432000000,432000000,432000000
obalende,land,2,Buy a property,3,648000000,648000000,648000000
obalende,land,2,Buy a property,4,864000000,864000000,864000000
obalende,land,2,Buy a property,5,1080000000,1080000000,1080000000
obalende,land,2,Buy a property,6,1296000000,1296000000,1296000000
obalende,land,2,Buy a property,7,1512000000,1512000000,1512000000
obalende,land,2,Buy a property,8,1728000000,1728000000,1728000000
obalende,land,2,Buy a property,9,1944000000,1944000000,1944000000
ogba,land,2,Buy a property,1,42857143,42857142,42857142
ogba,land,2,Buy a property,2,85714286,85714284,85714284
ogba,land,2,Buy a property,3,128571429,128571426,128571426
ogba,land,2,Buy a property,4,171428572,171428568,171428568
ogba,land,2,Buy a property,5,214285715,214285710,214285710
ogba,land,2,Buy a property,6,257142858,257142852,257142852
ogba,land,2,Buy a property,7,300000001,299999994,299999994
ogba,land,2,Buy a property,8,342857144,342857136,342857136
ogba,land,2,Buy a property,9,385714287,385714278,385714278
ojodu-berger,land,2,Buy a property,1,28000000,19999998,36000000
ojodu-berger,land,2,Buy a property,2,56000000,39999996,72000000
ojodu-berger,land,2,Buy a property,3,84000000,59999994,108000000
ojodu-berger,land,2,Buy a property,4,112000000,79999992,144000000
ojodu-berger,land,2,Buy a property,5,140000000,99999990,180000000
ojodu-berger,land,2,Buy a property,6,168000000,119999988,216000000
ojodu-berger,land,2,Buy a property,7,196000000,139999986,252000000
ojodu-berger,land,2,Buy a property,8,224000000,159999984,288000000
ojodu-berger,land,2,Buy a property,9,252000000,179999982,324000000
okota,land,2,Buy a property,1,93333333,93333336,93333336
okota,land,2,Buy a property,2,186666666,186666672,186666672
okota,land,2,Buy a property,3,279999999,280000008,280000008
okota,land,2,Buy a property,4,373333332,373333344,373333344
okota,land,2,Buy a property,5,466666665,466666680,466666680
okota,land,2,Buy a property,6,559999998,560000016,560000016
okota,land,2,Buy a property,7,653333331,653333352,653333352
okota,land,2,Buy a property,8,746666664,746666688,746666688
okota,land,2,Buy a property,9,839999997,840000024,840000024
oniru-2,land,2,Buy a property,1,336000000,252000000,420000000
oniru-2,land,2,Buy a property,2,672000000,504000000,840000000
oniru-2,land,2,Buy a property,3,1008000000,756000000,1260000000
oniru-2,land,2,Buy a property,4,1344000000,1008000000,1680000000
oniru-2,land,2,Buy a property,5,1680000000,1260000000,2100000000
oniru-2,land,2,Buy a property,6,2016000000,1512000000,2520000000
oniru-2,land,2,Buy a property,7,2352000000,1764000000,2940000000
oniru-2,land,2,Buy a property,8,2688000000,2016000000,3360000000
oniru-2,land,2,Buy a property,9,3024000000,2268000000,3780000000
oshodi,land,2,Buy a property,1,204545455,204545454,204545454
oshodi,land,2,Buy a property,2,409090910,409090908,409090908
oshodi,land,2,Buy a property,3,613636365,613636362,613636362
oshodi,land,2,Buy a property,4,818181820,818181816,818181816
oshodi,land,2,Buy a property,5,1022727275,1022727270,1022727270
oshodi,land,2,Buy a property,6,1227272730,1227272724,1227272724
oshodi,land,2,Buy a property,7,1431818185,1431818178,1431818178
oshodi,land,2,Buy a property,8,1636363640,1636363632,1636363632
oshodi,land,2,Buy a property,9,1840909095,1840909086,1840909086
oworonshoki,land,2,Buy a property,1,30285714,22000002,38571426
oworonshoki,land,2,Buy a property,2,60571428,44000004,77142852
oworonshoki,land,2,Buy a property,3,90857142,66000006,115714278
oworonshoki,land,2,Buy a property,4,121142856,88000008,154285704
oworonshoki,land,2,Buy a property,5,151428570,110000010,192857130
oworonshoki,land,2,Buy a property,6,181714284,132000012,231428556
oworonshoki,land,2,Buy a property,7,211999998,154000014,269999982
oworonshoki,land,2,Buy a property,8,242285712,176000016,308571408
oworonshoki,land,2,Buy a property,9,272571426,198000018,347142834
sangotedo,land,2,Buy a property,1,34500000,27000000,42000000
sangotedo,land,2,Buy a property,2,69000000,54000000,84000000
sangotedo,land,2,Buy a property,3,103500000,81000000,126000000
sangotedo,land,2,Buy a property,4,138000000,108000000,168000000
sangotedo,land,2,Buy a property,5,172500000,135000000,210000000
sangotedo,land,2,Buy a property,6,207000000,162000000,252000000
sangotedo,land,2,Buy a property,7,241500000,189000000,294000000
sangotedo,land,2,Buy a property,8,276000000,216000000,336000000
sangotedo,land,2,Buy a property,9,310500000,243000000,378000000
surulere,land,2,Buy a property,1,65375000,37000002,93750000
surulere,land,2,Buy a property,2,130750000,74000004,187500000
surulere,land,2,Buy a property,3,196125000,111000006,281250000
surulere,land,2,Buy a property,4,261500000,148000008,375000000
surulere,land,2,Buy a property,5,326875000,185000010,468750000
surulere,land,2,Buy a property,6,392250000,222000012,562500000
surulere,land,2,Buy a property,7,457625000,259000014,656250000
surulere,land,2,Buy a property,8,523000000,296000016,750000000
surulere,land,2,Buy a property,9,588375000,333000018,843750000
trade-fair-complex,land,2,Buy a property,1,4200000,4200000,4200000
trade-fair-complex,land,2,Buy a property,2,8400000,8400000,8400000
trade-fair-complex,land,2,Buy a property,3,12600000,12600000,12600000
trade-fair-complex,land,2,Buy a property,4,16800000,16800000,16800000
trade-fair-complex,land,2,Buy a property,5,21000000,21000000,21000000
trade-fair-complex,land,2,Buy a property,6,25200000,25200000,25200000
trade-fair-complex,land,2,Buy a property,7,29400000,29400000,29400000
trade-fair-complex,land,2,Buy a property,8,33600000,33600000,33600000
trade-fair-complex,land,2,Buy a property,9,37800000,37800000,37800000
victoria-island,land,2,Buy a property,1,432204840,387096774,477312906
victoria-island,land,2,Buy a property,2,864409680,774193548,954625812
victoria-island,land,2,Buy a property,3,1296614520,1161290322,1431938718
victoria-island,land,2,Buy a property,4,1728819360,1548387096,1909251624
victoria-island,land,2,Buy a property,5,2161024200,1935483870,2386564530
victoria-island,land,2,Buy a property,6,2593229040,2322580644,2863877436
victoria-island,land,2,Buy a property,7,3025433880,2709677418,3341190342
victoria-island,land,2,Buy a property,8,3457638720,3096774192,3818503248
victoria-island,land,2,Buy a property,9,3889843560,3483870966,4295816154
wuse,land,2,Buy a property,1,151289747,136425648,166153848
wuse,land,2,Buy a property,2,302579494,272851296,332307696
wuse,land,2,Buy a property,3,453869241,409276944,498461544
wuse,land,2,Buy a property,4,605158988,545702592,664615392
wuse,land,2,Buy a property,5,756448735,682128240,830769240
wuse,land,2,Buy a property,6,907738482,818553888,996923088
wuse,land,2,Buy a property,7,1059028229,954979536,1163076936
wuse,land,2,Buy a property,8,1210317976,1091405184,1329230784
wuse,land,2,Buy a property,9,1361607723,1227830832,1495384632
yaba,land,2,Buy a property,1,116649485,43298970,190000002
yaba,land,2,Buy a property,2,233298970,86597940,380000004
yaba,land,2,Buy a property,3,349948455,129896910,570000006
yaba,land,2,Buy a property,4,466597940,173195880,760000008
yaba,land,2,Buy a property,5,583247425,216494850,950000010
yaba,land,2,Buy a property,6,699896910,259793820,1140000012
yaba,land,2,Buy a property,7,816546395,303092790,1330000014
yaba,land,2,Buy a property,8,933195880,346391760,1520000016
yaba,land,2,Buy a property,9,1049845365,389690730,1710000018
airport-residential-area,land,2,Buy a property,1,7718968,7491000,7946934
airport-residential-area,land,2,Buy a property,2,15437936,14982000,15893868
airport-residential-area,land,2,Buy a property,3,23156904,22473000,23840802
airport-residential-area,land,2,Buy a property,4,30875872,29964000,31787736
airport-residential-area,land,2,Buy a property,5,38594840,37455000,39734670
airport-residential-area,land,2,Buy a property,6,46313808,44946000,47681604
airport-residential-area,land,2,Buy a property,7,54032776,52437000,55628538
airport-residential-area,land,2,Buy a property,8,61751744,59928000,63575472
airport-residential-area,land,2,Buy a property,9,69470712,67419000,71522406
cantonments,land,2,Buy a property,1,5317643,3015288,7620000
cantonments,land,2,Buy a property,2,10635286,6030576,15240000
cantonments,land,2,Buy a property,3,15952929,9045864,22860000
cantonments,land,2,Buy a property,4,21270572,12061152,30480000
cantonments,land,2,Buy a property,5,26588215,15076440,38100000
cantonments,land,2,Buy a property,6,31905858,18091728,45720000
cantonments,land,2,Buy a property,7,37223501,21107016,53340000
cantonments,land,2,Buy a property,8,42541144,24122304,60960000
cantonments,land,2,Buy a property,9,47858787,27137592,68580000
dzorwulu,land,2,Buy a property,1,3348667,3277332,3420000
dzorwulu,land,2,Buy a property,2,6697334,6554664,6840000
dzorwulu,land,2,Buy a property,3,10046001,9831996,10260000
dzorwulu,land,2,Buy a property,4,13394668,13109328,13680000
dzorwulu,land,2,Buy a property,5,16743335,16386660,17100000
dzorwulu,land,2,Buy a property,6,20092002,19663992,20520000
dzorwulu,land,2,Buy a property,7,23440669,22941324,23940000
dzorwulu,land,2,Buy a property,8,26789336,26218656,27360000
dzorwulu,land,2,Buy a property,9,30138003,29495988,30780000
east-legon-1,land,2,Buy a property,1,2396821,1814268,2979378
east-legon-1,land,2,Buy a property,2,4793642,3628536,5958756
east-legon-1,land,2,Buy a property,3,7190463,5442804,8938134
east-legon-1,land,2,Buy a property,4,9587284,7257072,11917512
east-legon-1,land,2,Buy a property,5,11984105,9071340,14896890
east-legon-1,land,2,Buy a property,6,14380926,10885608,17876268
east-legon-1,land,2,Buy a property,7,16777747,12699876,20855646
east-legon-1,land,2,Buy a property,8,19174568,14514144,23835024
east-legon-1,land,2,Buy a property,9,21571389,16328412,26814402
east-legon-hills,land,2,Buy a property,1,415897,333336,498462
east-legon-hills,land,2,Buy a property,2,831794,666672,996924
east-legon-hills,land,2,Buy a property,3,1247691,1000008,1495386
east-legon-hills,land,2,Buy a property,4,1663588,1333344,1993848
east-legon-hills,land,2,Buy a property,5,2079485,1666680,2492310
east-legon-hills,land,2,Buy a property,6,2495382,2000016,2990772
east-legon-hills,land,2,Buy a property,7,2911279,2333352,3489234
east-legon-hills,land,2,Buy a property,8,3327176,2666688,3987696
east-legon-hills,land,2,Buy a property,9,3743073,3000024,4486158
prampram,land,2,Buy a property,1,62714,49998,75426
prampram,land,2,Buy a property,2,125428,99996,150852
prampram,land,2,Buy a property,3,188142,149994,226278
prampram,land,2,Buy a property,4,250856,199992,301704
prampram,land,2,Buy a property,5,313570,249990,377130
prampram,land,2,Buy a property,6,376284,299988,452556
prampram,land,2,Buy a property,7,438998,349986,527982
prampram,land,2,Buy a property,8,501712,399984,603408
prampram,land,2,Buy a property,9,564426,449982,678834
ridge,land,2,Buy a property,1,5985000,5130000,6840000
ridge,land,2,Buy a property,2,11970000,10260000,13680000
ridge,land,2,Buy a property,3,17955000,15390000,20520000
ridge,land,2,Buy a property,4,23940000,20520000,27360000
ridge,land,2,Buy a property,5,29925000,25650000,34200000
ridge,land,2,Buy a property,6,35910000,30780000,41040000
ridge,land,2,Buy a property,7,41895000,35910000,47880000
ridge,land,2,Buy a property,8,47880000,41040000,54720000
ridge,land,2,Buy a property,9,53865000,46170000,61560000
spintex-road-area,land,2,Buy a property,1,985286,830574,1140000
spintex-road-area,land,2,Buy a property,2,1970572,1661148,2280000
spintex-road-area,land,2,Buy a property,3,2955858,2491722,3420000
spintex-road-area,land,2,Buy a property,4,3941144,3322296,4560000
spintex-road-area,land,2,Buy a property,5,4926430,4152870,5700000
spintex-road-area,land,2,Buy a property,6,5911716,4983444,6840000
spintex-road-area,land,2,Buy a property,7,6897002,5814018,7980000
spintex-road-area,land,2,Buy a property,8,7882288,6644592,9120000
spintex-road-area,land,2,Buy a property,9,8867574,7475166,10260000
tema,land,2,Buy a property,1,364800,48000,681600
tema,land,2,Buy a property,2,729600,96000,1363200
tema,land,2,Buy a property,3,1094400,144000,2044800
tema,land,2,Buy a property,4,1459200,192000,2726400
tema,land,2,Buy a property,5,1824000,240000,3408000
tema,land,2,Buy a property,6,2188800,288000,4089600
tema,land,2,Buy a property,7,2553600,336000,4771200
tema,land,2,Buy a property,8,2918400,384000,5452800
tema,land,2,Buy a property,9,3283200,432000,6134400
tse-addo,land,2,Buy a property,1,1052936,835284,1270590
tse-addo,land,2,Buy a property,2,2105872,1670568,2541180
tse-addo,land,2,Buy a property,3,3158808,2505852,3811770
tse-addo,land,2,Buy a property,4,4211744,3341136,5082360
tse-addo,land,2,Buy a property,5,5264680,4176420,6352950
tse-addo,land,2,Buy a property,6,6317616,5011704,7623540
tse-addo,land,2,Buy a property,7,7370552,5846988,8894130
tse-addo,land,2,Buy a property,8,8423488,6682272,10164720
tse-addo,land,2,Buy a property,9,9476424,7517556,11435310
karen,land,2,Buy a property,1,8749382,8601090,8897676
karen,land,2,Buy a property,2,17498764,17202180,17795352
karen,land,2,Buy a property,3,26248146,25803270,26693028
karen,land,2,Buy a property,4,34997528,34404360,35590704
karen,land,2,Buy a property,5,43746910,43005450,44488380
karen,land,2,Buy a property,6,52496292,51606540,53386056
karen,land,2,Buy a property,7,61245674,60207630,62283732
karen,land,2,Buy a property,8,69995056,68808720,71181408
karen,land,2,Buy a property,9,78744438,77409810,80079084
kileleshwa,land,2,Buy a property,1,31046348,10590552,51502146
kileleshwa,land,2,Buy a property,2,62092696,21181104,103004292
kileleshwa,land,2,Buy a property,3,93139044,31771656,154506438
kileleshwa,land,2,Buy a property,4,124185392,42362208,206008584
kileleshwa,land,2,Buy a property,5,155231740,52952760,257510730
kileleshwa,land,2,Buy a property,6,186278088,63543312,309012876
kileleshwa,land,2,Buy a property,7,217324436,74133864,360515022
kileleshwa,land,2,Buy a property,8,248370784,84724416,412017168
kileleshwa,land,2,Buy a property,9,279417132,95314968,463519314
kilimani,land,2,Buy a property,1,48195749,7414728,88976766
kilimani,land,2,Buy a property,2,96391498,14829456,177953532
kilimani,land,2,Buy a property,3,144587247,22244184,266930298
kilimani,land,2,Buy a property,4,192782996,29658912,355907064
kilimani,land,2,Buy a property,5,240978745,37073640,444883830
kilimani,land,2,Buy a property,6,289174494,44488368,533860596
kilimani,land,2,Buy a property,7,337370243,51903096,622837362
kilimani,land,2,Buy a property,8,385565992,59317824,711814128
kilimani,land,2,Buy a property,9,433761741,66732552,800790894
lavington,land,2,Buy a property,1,28543415,26686434,30400398
lavington,land,2,Buy a property,2,57086830,53372868,60800796
lavington,land,2,Buy a property,3,85630245,80059302,91201194
lavington,land,2,Buy a property,4,114173660,106745736,121601592
lavington,land,2,Buy a property,5,142717075,133432170,152001990
lavington,land,2,Buy a property,6,171260490,160118604,182402388
lavington,land,2,Buy a property,7,199803905,186805038,212802786
lavington,land,2,Buy a property,8,228347320,213491472,243203184
lavington,land,2,Buy a property,9,256890735,240177906,273603582
parklands,land,2,Buy a property,1,57787076,44357538,71216616
parklands,land,2,Buy a property,2,115574152,88715076,142433232
parklands,land,2,Buy a property,3,173361228,133072614,213649848
parklands,land,2,Buy a property,4,231148304,177430152,284866464
parklands,land,2,Buy a property,5,288935380,221787690,356083080
parklands,land,2,Buy a property,6,346722456,266145228,427299696
parklands,land,2,Buy a property,7,404509532,310502766,498516312
parklands,land,2,Buy a property,8,462296608,354860304,569732928
parklands,land,2,Buy a property,9,520083684,399217842,640949544
runda,land,2,Buy a property,1,12282750,10322178,14243322
runda,land,2,Buy a property,2,24565500,20644356,28486644
runda,land,2,Buy a property,3,36848250,30966534,42729966
runda,land,2,Buy a property,4,49131000,41288712,56973288
runda,land,2,Buy a property,5,61413750,51610890,71216610
runda,land,2,Buy a property,6,73696500,61933068,85459932
runda,land,2,Buy a property,7,85979250,72255246,99703254
runda,land,2,Buy a property,8,98262000,82577424,113946576
runda,land,2,Buy a property,9,110544750,92899602,128189898
upper-hill,land,2,Buy a property,1,73640565,66732576,80548554
upper-hill,land,2,Buy a property,2,147281130,133465152,161097108
upper-hill,land,2,Buy a property,3,220921695,200197728,241645662
upper-hill,land,2,Buy a property,4,294562260,266930304,322194216
upper-hill,land,2,Buy a property,5,368202825,333662880,402742770
upper-hill,land,2,Buy a property,6,441843390,400395456,483291324
upper-hill,land,2,Buy a property,7,515483955,467128032,563839878
upper-hill,land,2,Buy a property,8,589124520,533860608,644388432
upper-hill,land,2,Buy a property,9,662765085,600593184,724936986
westlands,land,2,Buy a property,1,63351886,59303190,67400586
westlands,land,2,Buy a property,2,126703772,118606380,134801172
westlands,land,2,Buy a property,3,190055658,177909570,202201758
westlands,land,2,Buy a property,4,253407544,237212760,269602344
westlands,land,2,Buy a property,5,316759430,296515950,337002930
westlands,land,2,Buy a property,6,380111316,355819140,404403516
westlands,land,2,Buy a property,7,443463202,415122330,471804102
westlands,land,2,Buy a property,8,506815088,474425520,539204688
westlands,land,2,Buy a property,9,570166974,533728710,606605274
mass-media,land,2,Buy a property,1,1334652,1334652,1334652
mass-media,land,2,Buy a property,2,2669304,2669304,2669304
mass-media,land,2,Buy a property,3,4003956,4003956,4003956
mass-media,land,2,Buy a property,4,5338608,5338608,5338608
mass-media,land,2,Buy a property,5,6673260,6673260,6673260
mass-media,land,2,Buy a property,6,8007912,8007912,8007912
mass-media,land,2,Buy a property,7,9342564,9342564,9342564
mass-media,land,2,Buy a property,8,10677216,10677216,10677216
mass-media,land,2,Buy a property,9,12011868,12011868,12011868
nasr-city,land,2,Buy a property,1,34800000,34800000,34800000
nasr-city,land,2,Buy a property,2,69600000,69600000,69600000
nasr-city,land,2,Buy a property,3,104400000,104400000,104400000
nasr-city,land,2,Buy a property,4,139200000,139200000,139200000
nasr-city,land,2,Buy a property,5,174000000,174000000,174000000
nasr-city,land,2,Buy a property,6,208800000,208800000,208800000
nasr-city,land,2,Buy a property,7,243600000,243600000,243600000
nasr-city,land,2,Buy a property,8,278400000,278400000,278400000
nasr-city,land,2,Buy a property,9,313200000,313200000,313200000
plateau-area,land,2,Buy a property,1,810000000,720000000,900000000
plateau-area,land,2,Buy a property,2,1620000000,1440000000,1800000000
plateau-area,land,2,Buy a property,3,2430000000,2160000000,2700000000
plateau-area,land,2,Buy a property,4,3240000000,2880000000,3600000000
plateau-area,land,2,Buy a property,5,4050000000,3600000000,4500000000
plateau-area,land,2,Buy a property,6,4860000000,4320000000,5400000000
plateau-area,land,2,Buy a property,7,5670000000,5040000000,6300000000
plateau-area,land,2,Buy a property,8,6480000000,5760000000,7200000000
plateau-area,land,2,Buy a property,9,7290000000,6480000000,8100000000
zone-4,land,2,Buy a property,1,540000000,480000000,600000000
zone-4,land,2,Buy a property,2,1080000000,960000000,1200000000
zone-4,land,2,Buy a property,3,1620000000,1440000000,1800000000
zone-4,land,2,Buy a property,4,2160000000,1920000000,2400000000
zone-4,land,2,Buy a property,5,2700000000,2400000000,3000000000
zone-4,land,2,Buy a property,6,3240000000,2880000000,3600000000
zone-4,land,2,Buy a property,7,3780000000,3360000000,4200000000
zone-4,land,2,Buy a property,8,4320000000,3840000000,4800000000
zone-4,land,2,Buy a property,9,4860000000,4320000000,5400000000
